Source,website,page_url,TRUE,FALSE
www.facebook.com,www.facebook.com,42,5,37
www.facebook.com,www.politifact.com,22,0,22
nationalreport.net,www.whitehouse.gov,14,0,14
www.youtube.com,www.youtube.com,9,2,7
www.politifact.com,www.politifact.com,8,0,8
docs.google.com,docs.google.com,8,0,8
www.naturalnews.com,www.cdc.gov,8,0,8
www.facebook.com,www.snopes.com,8,1,7
www.ilga.gov,www.ilga.gov,7,0,7
www.infowars.com,www.cdc.gov,6,0,6
twitter.com,www.politifact.com,6,6,0
twitter.com,twitter.com,6,2,4
www.facebook.com,www.nytimes.com,6,0,6
dailycaller.com,apps.who.int,5,0,5
www.miamiherald.com,www.miamiherald.com,5,0,5
americannews.com,www.politifact.com,5,0,5
www.facebook.com,www.youtube.com,5,0,5
www.youtube.com,www.documentcloud.org,5,0,5
www.bloomberg.com,www.dot.gov,5,0,5
www.facebook.com,www.cbo.gov,4,0,4
www.facebook.com,www.bloomberg.com,4,0,4
www.westernjournalism.com,www.politifact.com,4,0,4
dailycaller.com,www.youtube.com,4,0,4
www.npr.org,www.catholicleague.org,4,0,4
www.mrctv.org,www.state.gov,4,4,0
www.miamiherald.com,www.documentcloud.org,4,0,4
usa-television.com,usa-television.com,4,0,4
www.globalresearch.ca,www.globalresearch.ca,4,0,4
www.facebook.com,www.amazon.com,4,1,3
www.facebook.com,www.reuters.com,3,0,3
floridanewsflash.com,oversight.house.gov,3,0,3
www.learnprogress.org,www.washingtonpost.com,3,0,3
thetrumpmedia.com,www.cnn.com,3,0,3
www.documentcloud.org,www.documentcloud.org,3,0,3
www.miamiherald.com,www.politifact.com,3,0,3
groobiecat.blogspot.com,www.whitehouse.gov,3,3,0
www.facebook.com,www.ips-dc.org,3,0,3
wrongwayrubio.com,www.rubio.senate.gov,3,0,3
www.facebook.com,www.forbes.com,3,0,3
www.plannedparenthood.org,www.plannedparenthood.org,3,0,3
www.facebook.com,www.senate.gov,3,0,3
www.politicalears.com,www.alsa.org,3,0,3
www.facebook.com,www.fns.usda.gov,3,0,3
www.facebook.com,www.factcheck.org,3,0,3
www.childrensdefense.org,www.childrensdefense.org,3,0,3
dailycaller.com,drive.google.com,3,0,3
www.breitbart.com,www.breitbart.com,3,0,3
www.facebook.com,www.congress.gov,3,0,3
www.rushlimbaugh.com,townhall.com,3,0,3
uspoln.com,uspoln.com,3,0,3
www.learnprogress.org,www.cnbc.com,3,0,3
nation.foxnews.com,www.cbsnews.com,3,0,3
usapoliticszone.com,www.cnn.com,3,0,3
twitter.com,georgewbush-whitehouse.archives.gov,3,0,3
thelastlineofdefense.org,www.politifact.com,3,0,3
www.facebook.com,www.washingtonpost.com,3,0,3
standupforthetruth.com,docs.google.com,3,0,3
www.wakeupfromyourslumber.com,www.uticaod.com,3,0,3
sovereigncitizens.org,www.politico.com,3,0,3
www.fbo.gov,www.afpc.af.mil,3,0,3
www.fireandreamitchell.com,fas.org,3,0,3
republicbroadcasting.org,www.blm.gov,3,0,3
www.globalresearch.ca,twitter.com,3,0,3
www.facebook.com,www.opensecrets.org,3,0,3
www.heritage.org,www.heritage.org,3,0,3
www.ibdeditorials.com,www.ibdeditorials.com,3,0,3
www.facebook.com,www.cis.org,3,0,3
twitter.com,docs.google.com,3,3,0
www.infowars.com,www.infowars.com,3,0,3
www.infowars.com,www.usaid.gov,3,0,3
www.snopes.com,www.snopes.com,3,0,3
onlineathens.com,www.census.gov,3,0,3
abcnews.com.co,www.washingtonpost.com,3,0,3
americannews.com,americannews.com,3,0,3
www.youtube.com,www.wftv.com,3,0,3
www.youtube.com,kerry.senate.gov,3,0,3
www.breitbart.com,www.sanders.senate.gov,2,0,2
www.facebook.com,gawker.com,2,0,2
www.outsidethebeltway.com,www.youtube.com,2,0,2
www.irs.gov,epi.3cdn.net,2,0,2
fbcdn-sphotos-e-a.akamaihd.net,www.presidency.ucsb.edu,2,0,2
www.facebook.com,www.oecd.org,2,2,0
newsexaminer.net,newsexaminer.net,2,0,2
uppitywis.org,media.jsonline.com,2,0,2
uppitywis.org,legis.wisconsin.gov,2,0,2
theseattletribune.com,theseattletribune.com,2,0,2
www.organicandhealthy.org,timesofindia.indiatimes.com,2,0,2
newsdaily12.com,newsdaily12.com,2,0,2
therightists.com,www.cbsnews.com,2,0,2
newcenturytimes.com,talkingpointsmemo.com,2,0,2
www.facebook.com,news.bbc.co.uk,2,1,1
floridanewsflash.com,dailysignal.com,2,0,2
www.facebook.com,nymag.com,2,1,1
americannews.com,www.facebook.com,2,0,2
www.facebook.com,online.wsj.com,2,0,2
www.jewsnews.co.il,www.paaia.org,2,0,2
www.facebook.com,pewhispanic.org,2,0,2
floridanewsflash.com,www.americanbanker.com,2,0,2
www.facebook.com,www.pewhispanic.org,2,0,2
donaldtrumppotus45.com,www.latimes.com,2,0,2
www.infowars.com,www.nytimes.com,2,0,2
www.youngcons.com,democrats.benghazi.house.gov,2,0,2
usanewstoday.org,www.politifact.com,2,0,2
thelastlineofdefense.org,thelastlineofdefense.org,2,0,2
www.ilga.gov,www.cbn.com,2,0,2
usanewstoday.org,usanewstoday.org,2,0,2
data.bls.gov,www.census.gov,2,0,2
www.ilga.gov,www.factcheck.org,2,0,2
departedmedia.com,thehill.com,2,0,2
www.politifact.com,sovereigncitizens.org,2,0,2
www.politifact.com,newswatch33.com,2,0,2
www.politifact.com,cpc.grijalva.house.gov,2,0,2
usa-television.com,travel.state.gov,2,0,2
www.politicalears.com,www.snopes.com,2,0,2
www.facebook.com,www.dol.gov,2,1,1
www.ilga.gov,www.prochoiceamerica.org,2,0,2
onlineathens.com,pubs.usgs.gov,2,0,2
www.facebook.com,data.bls.gov,2,0,2
www.infowars.com,www.lakeland.com,2,0,2
thenewyorkevening.com,www.wwe.com,2,0,2
www.facebook.com,www.politico.com,2,0,2
undergroundnewsreport.com,undergroundnewsreport.com,2,0,2
nationalreport.net,www.snopes.com,2,0,2
floridanewsflash.com,www.foxnews.com,2,0,2
www.ilga.gov,factcheck.barackobama.com,2,0,2
nationalreport.net,www.facebook.com,2,0,2
tn4politicaljustice.wordpress.com,www.documentcloud.org,2,0,2
www.mrctv.org,www.nytimes.com,2,2,0
tn4politicaljustice.wordpress.com,www.nashvillescene.com,2,0,2
www.facebook.com,www.businessinsider.com,2,1,1
www.mrctv.org,www.cbp.gov,2,2,0
www.facebook.com,www.cambridgema.gov,2,0,2
hdl.loc.gov,www.consumersunion.org,2,0,2
abcnews.go.com,abcnews.go.com,2,0,2
twitter.com,cbo.gov,2,2,0
www.facebook.com,www.fcor.state.fl.us,2,0,2
www.motherjones.com,www.healthcare.gov,2,0,2
jesus-loves-you.org,books.google.com,2,0,2
www.learnprogress.org,www.cnn.com,2,0,2
www.facebook.com,www.fas.org,2,0,2
media.journalinteractive.com,media.journalinteractive.com,2,0,2
www.learnprogress.org,www.nbcnews.com,2,0,2
townhall.com,http:,2,0,2
americannews.com,www.snopes.com,2,0,2
townhall.com,townhall.com,2,1,1
justicegazette.org,vote.sos.ca.gov,2,0,2
townhall.com,www.cq.com,2,2,0
www.facebook.com,www.globalsecurity.org,2,0,2
good-times.webshots.com,www.opencongress.org,2,0,2
www.mrctv.org,www.uscis.gov,2,2,0
www.facebook.com,web.archive.org,2,0,2
nationalreport.net,nationalreport.net,2,0,2
archive.org,hemphoax.org,2,0,2
floridanewsflash.com,www.washingtontimes.com,2,0,2
floridanewsflash.com,www.wsj.com,2,0,2
twitter.com,www.ons.gov.uk,2,0,2
www.youtube.com,static.politifact.com,2,0,2
freedomdaily.com,www.ohchr.org,2,0,2
www.mystatesman.com,www.uscis.gov,2,0,2
www.facebook.com,www.huffingtonpost.com,2,0,2
thetrumpmedia.com,www.washingtonpost.com,2,0,2
www.facebook.com,www.gunpolicy.org,2,0,2
twitter.com,www.cms.gov,2,2,0
freepatriot.org,media.jrn.com,2,0,2
www.facebook.com,www.huduser.org,2,2,0
scontent.xx.fbcdn.net,maplight.org,2,2,0
twitter.com,www.cbo.gov,2,2,0
www.myfoxhouston.com,www.myfoxhouston.com,2,0,2
twitter.com,www.c-span.org,2,0,2
twitter.com,www.brookings.edu,2,0,2
www.msnbc.msn.com,www.johnmccain.com,2,0,2
dailyleak.org,dailyleak.org,2,0,2
www.politicalears.com,www.politicalears.com,2,0,2
www.facebook.com,www.documentcloud.org,2,0,2
sovereigncitizens.org,sovereignty.net,2,0,2
www.aclu.org,www.aclu.org,2,0,2
www.redflagnews.com,www.cms.gov,2,0,2
alaskareport.com,www.legis.state.ak.us,2,0,2
dailycaller.com,dailycaller.com,2,0,2
abcnews.go.com,www.propublica.org,2,0,2
www.youtube.com,www.tampabay.com,2,0,2
www.dailymail.co.uk,twitter.com,2,0,2
www.facebook.com,www.whitehouse.gov,2,0,2
www.youtube.com,faculty.washington.edu,2,0,2
www.fireandreamitchell.com,www.state.gov,2,0,2
clatl.com,www.youtube.com,2,2,0
www.beliefnet.com,www.politifact.com,2,0,2
www.snopes.com,docs.google.com,2,0,2
www.youngcons.com,www.youngcons.com,2,1,1
www.youtube.com,www.pewhispanic.org,2,0,2
sovereigncitizens.org,www.politifact.com,2,0,2
www.vanityfair.com,espnmediazone.com,2,0,2
politicono.com,politicono.com,2,0,2
www.senate.gov,www.senate.gov,2,0,2
www.rushlimbaugh.com,pajamasmedia.com,2,0,2
politicot.com,www.politifact.com,2,0,2
www.globalresearch.ca,www.infowars.com,2,0,2
politicot.com,www.cnn.com,2,0,2
conservativetribune.com,conservativetribune.com,2,0,2
www.documentcloud.org,www.miamiherald.com,2,0,2
www.documentcloud.org,www.politifact.com,2,0,2
www.globalresearch.ca,www.politifact.com,2,0,2
peacemoonbeam.typepad.com,answers.yahoo.com,2,0,2
sovereigncitizens.org,cpc.grijalva.house.gov,2,0,2
cannasos.com,www.nbcnews.com,2,0,2
uspoln.com,politicops.com,2,0,2
www.breitbart.com,www.snopes.com,2,0,2
smag31.com,www.ncbi.nlm.nih.gov,2,0,2
usapoliticszone.com,www.politifact.com,2,0,2
www.westernjournalism.com,fl.cair.com,2,0,2
www.aclu.org,www.wired.com,2,0,2
www.examiner.com,www.scstatehouse.gov,2,0,2
www.westernjournalism.com,www.westernjournalism.com,2,0,2
www.washingtonpost.com,www.washingtonpost.com,2,0,2
usasnich.com,usasnich.com,2,0,2
www.tdtalliance.com,www.tdtalliance.com,2,0,2
www.ibdeditorials.com,www.washingtonpost.com,2,0,2
www.politifact.com,www.slcelections.com,2,0,2
realtimepolitics.com,www.snopes.com,2,0,2
www.facebook.com,www.unodc.org,2,0,2
www.fireandreamitchell.com,www.fas.org,2,0,2
www.theverge.com,twitter.com,2,0,2
www.politifact.com,www.thewallstreetshuffle.com,2,0,2
dailycaller.com,www.fda.gov,2,0,2
www.beliefnet.com,www.forbes.com,2,0,2
www.census.gov,www.census.gov,2,0,2
shark-tank.net,shark-tank.net,2,0,2
www.fireandreamitchell.com,www.foxnews.com,2,0,2
www.washingtonpost.com,docs.google.com,2,0,2
conservativeactionalerts.com,thomas.loc.gov,2,0,2
www.charismanews.com,www.snopes.com,2,0,2
www.foxnews.com,www.foxnews.com,2,0,2
www.fbo.gov,www.fbo.gov,1,0,1
www.fbo.gov,www.govexec.com,1,0,1
www.fbo.gov,www.defense.gov,1,0,1
www.fbo.gov,www.dodbuzz.com,1,0,1
www.fbo.gov,www.wired.com,1,0,1
www.facebook.com,www.hcfama.org,1,0,1
www.fbo.gov,www.jointbasemdl.af.mil,1,0,1
www.fireandreamitchell.com,research.ku.edu,1,0,1
www.fireandreamitchell.com,polititainment.net,1,0,1
www.facebook.com,www.eia.gov,1,0,1
www.youtube.com,votevets.org,1,0,1
www.youtube.com,thelastword.msnbc.msn.com,1,1,0
www.facebook.com,www.fairvote.org,1,0,1
www.facebook.com,www.fao.org,1,0,1
www.fireandreamitchell.com,ncgg.princeton.edu,1,0,1
www.facebook.com,www.floridanewsgrio.com,1,0,1
www.fireandreamitchell.com,issuu.com,1,0,1
www.youtube.com,88.80.13.160.nyud.net,1,0,1
www.fireandreamitchell.com,content.time.com,1,0,1
www.facebook.com,www.foreignassistance.gov,1,0,1
www.facebook.com,www.foxnews.com,1,0,1
www.facebook.com,www.icrc.org,1,1,0
www.facebook.com,www.ft.com,1,0,1
www.fbo.gov,www.stripes.com,1,0,1
www.facebook.com,www.genealogybank.com,1,0,1
www.fbo.gov,www.nytimes.com,1,0,1
www.fbo.gov,www.nationalreview.com,1,0,1
www.fbo.gov,www.nafjobs.org,1,0,1
www.facebook.com,www.gpo.gov,1,0,1
www.facebook.com,www.gq.com,1,0,1
www.youtube.com,cfns.us,1,0,1
www.facebook.com,www.stateofworkingamerica.org,1,0,1
www.fbo.gov,www.afclubs.net,1,0,1
www.youtube.com,switchboard.nrdc.org,1,0,1
www.facebook.com,www.philadelphiaweekly.com,1,0,1
www.facebook.com,www.vanityfair.com,1,0,1
www.youtube.com,online.wsj.com,1,0,1
www.facebook.com,www.usnews.com,1,0,1
www.facebook.com,www.usatoday.com,1,0,1
www.facebook.com,www.presidency.ucsb.edu,1,1,0
www.facebook.com,www.usaid.gov,1,0,1
www.facebook.com,www.urbn.com,1,0,1
www.facebook.com,www.ratical.org,1,0,1
www.facebook.com,www.remappingdebate.org,1,1,0
www.youtube.com,my.democrats.org,1,0,1
www.facebook.com,www.rubio.senate.gov,1,0,1
www.facebook.com,www.urban.org,1,0,1
www.facebook.com,www.upworthy.com,1,0,1
www.facebook.com,www.salon.com,1,0,1
www.facebook.com,www.seiu.org,1,0,1
www.facebook.com,www.un-kampagne.de,1,0,1
www.youtube.com,historytextbooks.net,1,0,1
www.youtube.com,hawaii.gov,1,0,1
www.facebook.com,www.thedailybeast.com,1,0,1
www.facebook.com,www.statbank.dk,1,1,0
www.facebook.com,www.taxpolicycenter.org,1,0,1
www.facebook.com,www.state.gov,1,1,0
www.facebook.com,www.wfp.org,1,0,1
www.facebook.com,www.wired.com,1,1,0
www.youtube.com,pol.moveon.org,1,0,1
www.fbo.gov,articles.cnn.com,1,0,1
www.facebook.com,www.jsonline.com,1,0,1
www.fbo.gov,www.af.mil,1,0,1
www.facebook.com,www.jstor.org,1,0,1
www.facebook.com,www.kff.org,1,0,1
www.facebook.com,www.loc.gov,1,0,1
www.facebook.com,www.mahealthconnector.org,1,0,1
www.fbo.gov,washingtonexaminer.com,1,0,1
www.fbo.gov,static.e-publishing.af.mil,1,0,1
www.facebook.com,www.malegislature.gov,1,0,1
www.facebook.com,www.mcclatchydc.com,1,0,1
www.facebook.com,www.mcdonalds.dk,1,1,0
www.facebook.com,www.opcw.org,1,1,0
www.facebook.com,www4.uwm.edu,1,0,1
www.facebook.com,www.msnbc.msn.com,1,0,1
www.facebook.com,www.zillow.com,1,0,1
www.facebook.com,www.nacdl.org,1,0,1
www.youtube.com,downtrend.com,1,0,1
www.facebook.com,www.nachc.com,1,0,1
www.facebook.com,www.nationsonline.org,1,0,1
www.youtube.com,presente.org,1,0,1
www.youtube.com,education-curriculum-reform-government-schools.org,1,0,1
www.facebook.com,www.worldbeyondwar.org,1,0,1
www.facebook.com,www.massresources.org,1,0,1
www.facebook.com,www.americanprogress.org,1,0,1
www.facebook.com,www.dlapiper.com,1,0,1
www.examiner.com,oathkeepers.org,1,0,1
www.examiner.com,minutemennews.com,1,0,1
www.examiner.com,mchb.hrsa.gov,1,0,1
www.examiner.com,homvee.acf.hhs.gov,1,0,1
www.examiner.com,frwebgate.access.gpo.gov,1,0,1
www.examiner.com,freedomoutpost.com,1,0,1
www.examiner.com,benswann.com,1,0,1
www.examiner.com,beforeitsnews.com,1,0,1
www.enhlive.com,www.washingtonpost.com,1,0,1
www.enhlive.com,www.politifact.com,1,0,1
www.enhlive.com,www.opm.gov,1,0,1
www.enhlive.com,www.nytimes.com,1,0,1
www.enhlive.com,www.factcheck.org,1,0,1
www.enhlive.com,www.enhlive.com,1,0,1
www.enhlive.com,www.benefits.gov,1,0,1
www.enhlive.com,www.archives.gov,1,0,1
www.examiner.com,nccp.org,1,0,1
www.youtube.com,www.phschool.com,1,0,1
www.enhlive.com,uspostman.com,1,0,1
www.examiner.com,www.americanbar.org,1,0,1
www.facebook.com,bigstory.ap.org,1,0,1
www.facebook.com,articles.latimes.com,1,0,1
www.facebook.com,articles.boston.com,1,0,1
www.facebook.com,archinte.jamanetwork.com,1,0,1
www.facebook.com,america.aljazeera.com,1,1,0
www.facebook.com,agonist.org,1,0,1
www.facebook.com,Target of Protest,1,0,1
www.facebook.com,7poundbag.com,1,0,1
www.examiner.com,www.youtube.com,1,0,1
www.examiner.com,www.westernfreepress.com,1,0,1
www.examiner.com,www.thegreenvillepost.com,1,0,1
www.examiner.com,www.thegatewaypundit.com,1,0,1
www.examiner.com,www.pewstates.org,1,0,1
www.examiner.com,www.hhs.gov,1,0,1
www.examiner.com,www.examiner.com,1,0,1
www.enhlive.com,web.archive.org,1,0,1
www.enhlive.com,fas.org,1,0,1
www.facebook.com,blogs.discovermagazine.com,1,1,0
www.crai.com,www.nationalbcc.org,1,0,1
www.crai.com,www.crai.com,1,0,1
www.crai.com,www.cbo.gov,1,0,1
www.crai.com,www.americanprogress.org,1,0,1
www.crai.com,www.aceee.org,1,0,1
www.crai.com,energycommerce.house.gov,1,0,1
www.childrensdefense.org,www.senate.gov,1,0,1
www.childrensdefense.org,www.cnn.com,1,0,1
www.youtube.com,www.votevets.org,1,0,1
www.charismanews.com,www.wnd.com,1,0,1
www.charismanews.com,www.express.co.uk,1,0,1
www.charismanews.com,www.charismanews.com,1,0,1
www.census.gov,www2.census.gov,1,0,1
www.census.gov,www.bea.gov,1,0,1
www.census.gov,cfo.dc.gov,1,0,1
www.breitbart.com,www.whitehouse.gov,1,0,1
www.crai.com,www.epw.senate.gov,1,0,1
www.dailymail.co.uk,medium.com,1,0,1
www.duhprogressive.com,www.huffingtonpost.com,1,0,1
www.dailymail.co.uk,theringer.com,1,0,1
www.duhprogressive.com,www.duhprogressive.com,1,0,1
www.documentcloud.org,www.flsenate.gov,1,0,1
www.documentcloud.org,www.dos.state.fl.us,1,0,1
www.youtube.com,www.politico.com,1,0,1
www.youtube.com,www.politifact.com,1,0,1
www.documentcloud.org,miamiherald.typepad.com,1,0,1
www.dispatch.com,www.youtube.com,1,0,1
www.dispatch.com,www.dispatch.com,1,0,1
www.dispatch.com,www.ajc.com,1,0,1
www.dispatch.com,cmc.rodparsley.com,1,0,1
www.dispatch.com,abcnews.go.com,1,0,1
www.dailymail.co.uk,www.youtube.com,1,0,1
www.dailymail.co.uk,www.washingtonpost.com,1,0,1
www.dailymail.co.uk,www.forbes.com,1,0,1
www.dailymail.co.uk,www.dailymail.co.uk,1,0,1
www.facebook.com,blogs.citypages.com,1,0,1
www.facebook.com,blogs.reuters.com,1,1,0
www.facebook.com,www.dhs.gov,1,0,1
www.youtube.com,www.epa.gov,1,0,1
www.facebook.com,www.bostonherald.com,1,0,1
www.facebook.com,www.bls.gov,1,1,0
www.youtube.com,www.facebook.com,1,1,0
www.facebook.com,www.bcbsri.com,1,0,1
www.youtube.com,www.factcheck.org,1,0,1
www.facebook.com,www.au.af.mil,1,0,1
www.youtube.com,www.johnmccain.com,1,0,1
www.facebook.com,www.alwaleed.com.sa,1,0,1
www.facebook.com,ustr.gov,1,0,1
www.facebook.com,thelede.blogs.nytimes.com,1,0,1
www.facebook.com,taxfoundation.org,1,1,0
www.facebook.com,static.politifact.com.s3.amazonaws.com,1,0,1
www.youtube.com,www.nrdc.org,1,0,1
www.facebook.com,siarchives.si.edu,1,0,1
www.facebook.com,rt.com,1,0,1
www.facebook.com,www.bradycampaign.org,1,0,1
www.facebook.com,www.bt.cdc.gov,1,1,0
www.facebook.com,research.hks.harvard.edu,1,0,1
www.facebook.com,www.buzzfeed.com,1,0,1
www.facebook.com,www.dailykos.com,1,0,1
www.facebook.com,www.csmonitor.com,1,0,1
www.facebook.com,www.cracked.com,1,0,1
www.youtube.com,www.capitol.hawaii.gov,1,0,1
www.facebook.com,www.columbia.edu,1,0,1
www.facebook.com,www.college.columbia.edu,1,0,1
www.facebook.com,www.cnn.com,1,0,1
www.facebook.com,www.cjr.org,1,1,0
www.youtube.com,www.cbsnews.com,1,0,1
www.facebook.com,www.cia.gov,1,0,1
www.facebook.com,www.census.gov,1,0,1
www.facebook.com,www.cbsnews.com,1,0,1
www.youtube.com,www.detroitnews.com,1,1,0
www.facebook.com,www.cap-press.com,1,0,1
www.youtube.com,www.eia.doe.gov,1,0,1
www.facebook.com,rightwingnews.com,1,0,1
www.facebook.com,religion.blogs.cnn.com,1,0,1
www.facebook.com,bluecrossmafoundation.org,1,0,1
www.facebook.com,housedocs.house.gov,1,0,1
www.facebook.com,hdl.loc.gov,1,0,1
www.facebook.com,gasbuddy.com,1,0,1
www.facebook.com,fuelgaugereport.aaa.com,1,0,1
www.facebook.com,en.wikipedia.org,1,0,1
www.facebook.com,edition.cnn.com,1,0,1
www.facebook.com,drive.google.com,1,1,0
www.youtube.com,www.nytimes.com,1,0,1
www.facebook.com,docs.google.com,1,0,1
www.facebook.com,data.un.org,1,0,1
www.facebook.com,dailycaller.com,1,0,1
www.facebook.com,cwc.fas.org,1,1,0
www.facebook.com,csgv2.blogspot.com,1,0,1
www.facebook.com,costsofwar.org,1,0,1
www.facebook.com,content.healthaffairs.org,1,0,1
www.facebook.com,cdn.gop.com,1,1,0
www.facebook.com,hereandnow.wbur.org,1,0,1
www.facebook.com,humanevents.com,1,0,1
www.facebook.com,rechten.uvt.nl,1,0,1
www.facebook.com,ia600805.us.archive.org,1,0,1
www.facebook.com,president45donaldtrump.com,1,0,1
www.facebook.com,postalmuseumblog.si.edu,1,0,1
www.facebook.com,pgpf.org,1,0,1
www.facebook.com,owsposters.tumblr.com,1,0,1
www.facebook.com,nypost.com,1,0,1
www.facebook.com,nlihc.org,1,1,0
www.facebook.com,nces.ed.gov,1,1,0
www.facebook.com,nationalhomeless.org,1,0,1
www.facebook.com,money.cnn.com,1,0,1
www.facebook.com,media.cq.com,1,0,1
www.facebook.com,media.corporate-ir.net,1,0,1
www.facebook.com,madworldnews.com,1,0,1
www.facebook.com,lobbyingdisclosure.house.gov,1,0,1
www.facebook.com,jessicavalenti.com,1,0,1
www.facebook.com,iipdigital.usembassy.gov,1,0,1
www.fireandreamitchell.com,www.cfda.gov,1,0,1
www.westernjournalism.com,www.flhouse.gov,1,0,1
www.fireandreamitchell.com,www.cruz.senate.gov,1,0,1
www.plannedparenthood.org,www.scrippsnews.com,1,0,1
www.youngcons.com,diplopundit.net,1,1,0
www.politicalears.com,qz.com,1,0,1
www.politicalears.com,pamelageller.com,1,0,1
www.politicalears.com,nationalreport.net,1,0,1
www.plannedparenthood.org,www.wnd.com,1,0,1
www.plannedparenthood.org,www.washingtontimes.com,1,0,1
www.plannedparenthood.org,www.stopp.org,1,0,1
www.youngcons.com,jakarta.usembassy.gov,1,1,0
www.outsidethebeltway.com,www.outsidethebeltway.com,1,0,1
www.plannedparenthood.org,www.gao.gov,1,0,1
www.plannedparenthood.org,olson.house.gov,1,0,1
www.pbs.org,www.washingtonpost.com,1,0,1
www.pbs.org,www.pbs.org,1,0,1
www.pbs.org,www.nytimes.com,1,0,1
www.pbs.org,www.fbi.gov,1,0,1
www.pbs.org,codes.lp.findlaw.com,1,0,1
www.politicalears.com,www.bostonglobe.com,1,0,1
www.politicalears.com,www.charitynavigator.org,1,0,1
www.politicalears.com,www.nbcnews.com,1,0,1
www.politifact.com,docs.google.com,1,0,1
www.politifact.com,www.miamiherald.com,1,0,1
www.politifact.com,www.ibtimes.co.uk,1,0,1
www.politifact.com,www.facebook.com,1,0,1
www.youngcons.com,benghazi.house.gov,1,0,1
www.politifact.com,www.copyright.gov,1,0,1
www.politifact.com,www.cbsnews.com,1,0,1
www.politifact.com,www.carolinalive.com,1,0,1
www.politifact.com,www.bbc.com,1,0,1
www.politifact.com,www.aapsonline.org,1,0,1
www.politifact.com,webcache.googleusercontent.com,1,0,1
www.politifact.com,trailblazersblog.dallasnews.com,1,0,1
www.politifact.com,thesource.com,1,0,1
www.politifact.com,theobamafile.com,1,0,1
www.politifact.com,m.snopes.com,1,0,1
www.politifact.com,drjengunter.wordpress.com,1,0,1
www.outsidethebeltway.com,www.thestar.com,1,0,1
www.outsidethebeltway.com,www.newsweek.com,1,0,1
www.mystatesman.com,drive.google.com,1,0,1
www.naturalnews.com,www.fda.gov,1,0,1
www.onlinesentinel.com,ironicsurrealism.blogivists.com,1,0,1
www.npr.org,www.npr.org,1,0,1
www.youngcons.com,news.yahoo.com,1,0,1
www.npr.org,www.boston.com,1,0,1
www.naturalnews.com,www.who.int,1,0,1
www.naturalnews.com,www.webmd.com,1,0,1
www.naturalnews.com,www.naturalnews.com,1,0,1
www.naturalnews.com,www.aap.org,1,0,1
www.outsidethebeltway.com,www.fifa.com,1,0,1
www.naturalnews.com,wonder.cdc.gov,1,0,1
www.naturalnews.com,vaers.hhs.gov,1,0,1
www.naturalnews.com,media.cmgdigital.com,1,0,1
www.naturalnews.com,bit.ly,1,0,1
www.naturalnews.com,abcnews.go.com,1,0,1
www.mystatesman.com,www.pewresearch.org,1,0,1
www.mystatesman.com,www.mystatesman.com,1,0,1
www.youngcons.com,m.snopes.com,1,1,0
www.onlinesentinel.com,michellemalkin.com,1,0,1
www.onlinesentinel.com,www.fireandreamitchell.com,1,0,1
www.onlinesentinel.com,www.newsrealblog.com,1,0,1
www.outsidethebeltway.com,www.cybergolf.com,1,0,1
www.outsidethebeltway.com,metro.co.uk,1,0,1
www.organicandhealthy.org,www.who.int,1,0,1
www.organicandhealthy.org,www.thelancet.com,1,0,1
www.organicandhealthy.org,www.sciencemag.org,1,0,1
www.organicandhealthy.org,www.sciencedirect.com,1,0,1
www.organicandhealthy.org,www.organicandhealthy.org,1,0,1
www.organicandhealthy.org,www.ncirs.edu.au,1,0,1
www.organicandhealthy.org,www.icmr.nic.in,1,0,1
www.organicandhealthy.org,www.cdc.gov,1,0,1
www.organicandhealthy.org,samawomenshealth.wordpress.com,1,0,1
www.onlinesentinel.com,www.theblogmocracy.com,1,0,1
www.onlinesentinel.com,www.snopes.com,1,0,1
www.onlinesentinel.com,www.publiusforum.com,1,0,1
www.onlinesentinel.com,www.onlinesentinel.com,1,0,1
www.politifact.com,www.modernhealthcare.com,1,0,1
www.politifact.com,www.nytimes.com,1,0,1
www.politifact.com,www.palmbeachpost.com,1,0,1
www.theverge.com,www.mediaite.com,1,0,1
www.theweeklyobserver.com,www.theweeklyobserver.com,1,0,1
www.theweeklyobserver.com,www.reuters.com,1,0,1
www.theweeklyobserver.com,www.nejm.org,1,0,1
www.theweeklyobserver.com,www.nbcnews.com,1,0,1
www.theweeklyobserver.com,www.australianetworknews.com,1,0,1
www.theweeklyobserver.com,uproxx.com,1,0,1
www.theverge.com,www.theverge.com,1,0,1
www.theverge.com,www.independent.co.uk,1,0,1
www.politifact.com,www.postonpolitics.com,1,0,1
www.theverge.com,www.buzzfeed.com,1,0,1
www.theverge.com,variety.com,1,0,1
www.techdirt.com,www.wired.com,1,0,1
www.techdirt.com,www.techdirt.com,1,0,1
www.techdirt.com,www.govtrack.us,1,0,1
www.techdirt.com,thehill.com,1,0,1
www.tdtalliance.com,www.snopes.com,1,0,1
www.theweeklyobserver.com,www.washingtonpost.com,1,0,1
www.vanityfair.com,www.foxnews.com,1,0,1
www.vanityfair.com,www.mtv.com,1,0,1
www.vanityfair.com,www.vanityfair.com,1,0,1
www.westernjournalism.com,papers.ssrn.com,1,0,1
www.westernjournalism.com,florida.adl.org,1,0,1
www.westernjournalism.com,articles.washingtonpost.com,1,0,1
www.washingtonpost.com,www.vox.com,1,0,1
www.washingtonpost.com,www.thestar.com,1,0,1
www.washingtonpost.com,www.nationaljournal.com,1,0,1
www.washingtonpost.com,www.mysanantonio.com,1,0,1
www.washingtonpost.com,www.hrc.org,1,0,1
www.washingtonpost.com,dailysnark.com,1,0,1
www.washingtonpost.com,coed.com,1,0,1
www.washingtonpost.com,atheists.org,1,0,1
www.wakeupfromyourslumber.com,www.wakeupfromyourslumber.com,1,0,1
www.westernjournalism.com,www.glslcompactcouncil.org,1,0,1
www.wakeupfromyourslumber.com,www.sportbikes.net,1,0,1
www.wakeupfromyourslumber.com,www.blackloveisalive.com,1,0,1
www.snopes.com,www.texastribune.org,1,0,1
www.westernjournalism.com,www.greatlakeslaw.org,1,0,1
www.snopes.com,www.mystatesman.com,1,0,1
www.redflagnews.com,www.politifact.com,1,0,1
www.redflagnews.com,www.deathpenaltyinfo.org,1,0,1
www.westernjournalism.com,www.reuters.com,1,0,1
www.westernjournalism.com,www.sun-sentinel.com,1,0,1
www.redflagnews.com,www.cdc.gov,1,0,1
www.redflagnews.com,www.amnesty.org,1,0,1
www.redflagnews.com,ftp.cdc.gov,1,0,1
www.redflagnews.com,freedomoutpost.com,1,0,1
www.powerlineblog.com,www.powerlineblog.com,1,0,1
www.powerlineblog.com,pelosi.house.gov,1,0,1
www.politifact.com,www.wnyc.org,1,0,1
www.politifact.com,www.uspto.gov,1,0,1
www.politifact.com,www.theminorityreportblog.com,1,0,1
www.politifact.com,www.theatlantic.com,1,0,1
www.politifact.com,www.tcpalm.com,1,0,1
www.politifact.com,www.prnewswire.com,1,0,1
www.redflagnews.com,www.examiner.com,1,0,1
www.redflagnews.com,www.redflagnews.com,1,0,1
www.snopes.com,www.lbb.state.tx.us,1,0,1
www.religionmind.com,worldnewsdailyreport.com,1,0,1
www.snopes.com,drive.google.com,1,0,1
www.senate.gov,www.opensecrets.org,1,0,1
www.senate.gov,www.nytimes.com,1,0,1
www.senate.gov,www.mortgagebankers.org,1,0,1
www.senate.gov,www.cfr.org,1,0,1
www.senate.gov,pol.moveon.org,1,0,1
www.senate.gov,hdl.loc.gov,1,0,1
www.rushlimbaugh.com,www.rushlimbaugh.com,1,0,1
www.rushlimbaugh.com,www.nydailynews.com,1,0,1
www.westernjournalism.com,www.palmbeachpost.com,1,0,1
www.rushlimbaugh.com,swampland.blogs.time.com,1,0,1
www.rushlimbaugh.com,jumpinginpools.blogspot.com,1,0,1
www.rushlimbaugh.com,deepbackground.msnbc.msn.com,1,0,1
www.rushlimbaugh.com,blogs.villagevoice.com,1,0,1
www.religionmind.com,www.religionmind.com,1,0,1
www.mystatesman.com,object.cato.org,1,0,1
www.mystatesman.com,docs.google.com,1,0,1
www.fireandreamitchell.com,www.csmonitor.com,1,0,1
www.ilga.gov,capwiz.com,1,0,1
www.ilga.gov,www.npr.org,1,0,1
www.ilga.gov,www.jillstanek.com,1,0,1
www.youngcons.com,www.thegatewaypundit.com,1,1,0
www.ilga.gov,www.chicagotribune.com,1,0,1
www.ilga.gov,thomas.loc.gov,1,0,1
www.ilga.gov,frwebgate.access.gpo.gov,1,0,1
www.ilga.gov,fightthesmears.com,1,0,1
www.ilga.gov,bornalivetruth.org,1,0,1
www.ibdeditorials.com,blog.heritage.org,1,0,1
www.ibdeditorials.com,www.zogby.com,1,0,1
www.ibdeditorials.com,www.rasmussenreports.com,1,0,1
www.ibdeditorials.com,www.pollster.com,1,0,1
www.ibdeditorials.com,www.kff.org,1,0,1
www.youngcons.com,www.theguardian.com,1,0,1
www.ibdeditorials.com,ibdeditorials.com,1,0,1
www.ibdeditorials.com,frwebgate.access.gpo.gov,1,0,1
www.ilga.gov,www.nrlc.org,1,0,1
www.infowars.com,beforeitsnews.com,1,0,1
www.infowars.com,www.aclu.org,1,0,1
www.breitbart.com,www.senate.gov,1,0,1
www.jewsnews.co.il,www.frontpagemag.com,1,0,1
www.irs.gov,www.taxpolicycenter.org,1,0,1
www.irs.gov,www.senate.gov,1,0,1
www.irs.gov,www.opensecrets.org,1,0,1
www.irs.gov,www.irs.gov,1,0,1
www.irs.gov,www.federalreserve.gov,1,0,1
www.irs.gov,www.bankrate.com,1,0,1
www.infowars.com,www.whitehouse.gov,1,0,1
www.youngcons.com,www.state.gov,1,1,0
www.infowars.com,www.reuters.com,1,0,1
www.infowars.com,www.nbcnews.com,1,0,1
www.infowars.com,www.marketwatch.com,1,0,1
www.infowars.com,www.law.cornell.edu,1,0,1
www.youngcons.com,www.thefederalistpapers.org,1,1,0
www.infowars.com,www.allgov.com,1,0,1
www.ibdeditorials.com,crooksandliars.com,1,0,1
www.heritage.org,www.pewclimate.org,1,0,1
www.myfoxhouston.com,www.youtube.com,1,0,1
www.fireandreamitchell.com,www.washingtonpost.com,1,0,1
www.gao.gov,www.gao.gov,1,1,0
www.gao.gov,articles.ocregister.com,1,1,0
www.foxnews.com,www.snopes.com,1,0,1
www.foxnews.com,www.nytimes.com,1,0,1
www.flickr.com,www.taxfoundation.org,1,1,0
www.flickr.com,www.flickr.com,1,1,0
www.fireandreamitchell.com,www.whitehouse.gov,1,0,1
www.fireandreamitchell.com,www.usaspending.gov,1,0,1
www.heritage.org,www.eia.doe.gov,1,0,1
www.fireandreamitchell.com,www.usaid.gov,1,0,1
www.fireandreamitchell.com,www.prnewswire.com,1,0,1
www.fireandreamitchell.com,www.onevoicemovement.org,1,0,1
www.fireandreamitchell.com,www.ngo-monitor.org,1,0,1
www.fireandreamitchell.com,www.haaretz.com,1,0,1
www.fireandreamitchell.com,www.fireandreamitchell.com,1,0,1
www.fireandreamitchell.com,www.facebook.com,1,0,1
www.globalresearch.ca,america.aljazeera.com,1,0,1
www.globalresearch.ca,snowdenhoax.blogspot.com,1,0,1
www.globalresearch.ca,time.com,1,0,1
www.youngcons.com,www.washingtonpost.com,1,0,1
www.heritage.org,tonto.eia.doe.gov,1,0,1
www.heritage.org,blog.heritage.org,1,0,1
www.healthcaregeorgia.org,www.michellenunn.com,1,0,1
www.healthcaregeorgia.org,www.healthcaregeorgia.org,1,0,1
www.healthcaregeorgia.org,issuu.com,1,0,1
www.westernjournalism.com,www.coachisright.com,1,0,1
www.globalresearch.ca,www.wired.com,1,0,1
www.globalresearch.ca,www.un.org,1,0,1
www.globalresearch.ca,www.shalomlife.com,1,0,1
www.globalresearch.ca,www.presstv.ir,1,0,1
www.globalresearch.ca,www.motherjones.com,1,0,1
www.globalresearch.ca,www.irna.ir,1,0,1
www.youngcons.com,www.thejakartapost.com,1,1,0
www.globalresearch.ca,www.dailynewsegypt.com,1,0,1
www.globalresearch.ca,www.arabwestreport.info,1,0,1
www.jewsnews.co.il,www.iranianamericanpac.org,1,0,1
www.jewsnews.co.il,www.jewsnews.co.il,1,0,1
www.jewsnews.co.il,www.law.cornell.edu,1,0,1
www.miamiherald.com,www.palmbeachpost.com,1,0,1
www.motherjones.com,www.motherjones.com,1,0,1
www.motherjones.com,www.irs.gov,1,0,1
www.motherjones.com,www.infowars.com,1,0,1
www.motherjones.com,www.gpo.gov,1,0,1
www.motherjones.com,www.fas.org,1,0,1
www.motherjones.com,static.prisonplanet.com,1,0,1
www.youngcons.com,www.c-span.org,1,0,1
www.miamiherald.com,www.nbc-2.com,1,0,1
www.jewsnews.co.il,www.nbcnews.com,1,0,1
www.youngcons.com,www.hillaryclinton.com,1,0,1
www.youngcons.com,www.history.com,1,1,0
www.miamiherald.com,thinkprogress.org,1,0,1
www.lifenews.com,www.ofr.gov,1,0,1
www.lifenews.com,www.nationalrighttolifenews.org,1,0,1
www.lifenews.com,www.lifenews.com,1,0,1
www.lifenews.com,housedocs.house.gov,1,0,1
www.motherjones.com,www.snopes.com,1,0,1
www.motherjones.com,www.usatoday.com,1,0,1
www.motherjones.com,www.wnd.com,1,0,1
www.mrctv.org,lirs.org,1,1,0
www.myfoxhouston.com,www.time.com,1,0,1
www.myfoxhouston.com,www.nbc6.net,1,0,1
www.myfoxhouston.com,factcheck.barackobama.com,1,0,1
www.msnbc.msn.com,www.usatoday.com,1,0,1
www.msnbc.msn.com,www.msnbc.msn.com,1,0,1
www.msnbc.msn.com,www.bloomberg.com,1,0,1
www.msnbc.msn.com,blog.washingtonpost.com,1,0,1
www.mrctv.org,www.whitehouse.gov,1,1,0
www.mrctv.org,www.unicef.org,1,1,0
www.youngcons.com,www.amazon.com,1,1,0
www.mrctv.org,www.pewresearch.org,1,1,0
www.mrctv.org,www.ncsl.org,1,1,0
www.youngcons.com,www.americanthinker.com,1,1,0
www.mrctv.org,www.mrctv.org,1,1,0
www.mrctv.org,www.latimes.com,1,1,0
www.lifenews.com,dhhs.gov,1,0,1
www.lifenews.com,daily.decisionhealth.com,1,0,1
www.learnprogress.org,www.whitehouse.gov,1,0,1
www.latimes.com,www.gao.gov,1,0,1
www.latimes.com,www.fbi.gov,1,0,1
www.latimes.com,www.fas.org,1,0,1
www.youngcons.com,www.politifact.com,1,0,1
www.latimes.com,www.californiahealthline.org,1,0,1
www.latimes.com,www.breitbart.com,1,0,1
www.latimes.com,www.bloomberg.com,1,0,1
www.latimes.com,m.snopes.com,1,0,1
www.latimes.com,hotair.com,1,0,1
www.latimes.com,downtrend.com,1,0,1
www.latimes.com,conservativetribune.com,1,0,1
www.jsonline.com,www.politifact.com,1,0,1
www.jsonline.com,www.jsonline.com,1,0,1
www.jsonline.com,www.bea.gov,1,0,1
www.johnmccain.com,www.msnbc.msn.com,1,0,1
www.johnmccain.com,www.johnmccain.com,1,0,1
www.latimes.com,www.forbes.com,1,0,1
www.latimes.com,www.latimes.com,1,0,1
www.learnprogress.org,www.theguardian.com,1,0,1
www.latimes.com,www.ncjrs.gov,1,0,1
www.learnprogress.org,www.reuters.com,1,0,1
www.learnprogress.org,www.politico.com,1,0,1
www.learnprogress.org,www.learnprogress.org,1,0,1
www.learnprogress.org,www.latimes.com,1,0,1
www.learnprogress.org,www.donaldjtrump.com,1,0,1
www.learnprogress.org,www.dallasnews.com,1,0,1
www.youngcons.com,www.pewforum.org,1,1,0
www.learnprogress.org,thehill.com,1,0,1
www.learnprogress.org,abcnews.go.com,1,0,1
www.lcv.org,www.rep.org,1,0,1
www.lcv.org,www.lcv.org,1,0,1
www.latimes.com,www.zerohedge.com,1,0,1
www.latimes.com,www.ssa.gov,1,0,1
www.latimes.com,www.politifact.com,1,0,1
www.latimes.com,www.npr.org,1,0,1
www.globalresearch.ca,www.wnd.com,1,0,1
100percentfedup.com,100percentfedup.com,1,0,1
www.breitbart.com,www.rubio.senate.gov,1,0,1
floridanewsflash.com,www.justice.gov,1,0,1
freedomdaily.com,freedomdaily.com,1,0,1
freedomdaily.com,documents-dds-ny.un.org,1,0,1
freedomdaily.com,conservativedailypost.com,1,0,1
floridanewsflash.com,www.wfla.com,1,0,1
floridanewsflash.com,www.washingtonpost.com,1,0,1
floridanewsflash.com,www.scribd.com,1,0,1
floridanewsflash.com,www.rnrfonline.com,1,0,1
floridanewsflash.com,www.motherjones.com,1,0,1
floridanewsflash.com,www.goupstate.com,1,0,1
notallowedto.com,notallowedto.com,1,0,1
floridanewsflash.com,www.foxcarolina.com,1,0,1
floridanewsflash.com,www.forbes.com,1,0,1
floridanewsflash.com,www.fdic.gov,1,0,1
floridanewsflash.com,www.facebook.com,1,0,1
floridanewsflash.com,newsroom.suntrust.com,1,0,1
floridanewsflash.com,mediamatters.org,1,0,1
floridanewsflash.com,floridanewsflash.com,1,0,1
floridanewsflash.com,fdic.gov,1,0,1
freedomdaily.com,www.politifact.com,1,0,1
freedomdaily.com,www.upi.com,1,0,1
freedomdaily.com,www.washingtonpost.com,1,0,1
freepatriot.org,archive.greenbaypressgazette.com,1,0,1
groobiecat.blogspot.com,www.bls.gov,1,1,0
groobiecat.blogspot.com,groobiecat.blogspot.com,1,1,0
good-times.webshots.com,www.dailykos.com,1,0,1
good-times.webshots.com,good-times.webshots.com,1,0,1
frwebgate.access.gpo.gov,www.transgenderlaw.org,1,0,1
frwebgate.access.gpo.gov,www.frc.org,1,0,1
frwebgate.access.gpo.gov,www.chronwatch-america.com,1,0,1
frwebgate.access.gpo.gov,www.americanprogress.org,1,0,1
frwebgate.access.gpo.gov,www.ama-assn.org,1,0,1
frwebgate.access.gpo.gov,help.senate.gov,1,0,1
frwebgate.access.gpo.gov,frwebgate.access.gpo.gov,1,0,1
freepatriot.org,www.rightwingnews.com,1,0,1
freepatriot.org,www.judicialwatch.org,1,0,1
freepatriot.org,www.eeoc.gov,1,0,1
freepatriot.org,freepatriot.org,1,0,1
freepatriot.org,foxnewsinsider.com,1,0,1
freepatriot.org,dailycaller.com,1,0,1
floridanewsflash.com,dealbook.nytimes.com,1,0,1
floridanewsflash.com,dailycaller.com,1,0,1
floridanewsflash.com,blogs.wsj.com,1,0,1
donaldtrumppotus45.com,www.whitehouse.gov,1,0,1
donaldtrumppotus45.com,www.mcclatchydc.com,1,0,1
donaldtrumppotus45.com,www.hollywoodreporter.com,1,0,1
donaldtrumppotus45.com,www.breitbart.com,1,0,1
donaldtrumppotus45.com,thehill.com,1,0,1
donaldtrumppotus45.com,donaldtrumppotus45.com,1,0,1
docs.google.com,www.youtube.com,1,0,1
docs.google.com,www.politifact.com,1,0,1
docs.google.com,www.philly.com,1,0,1
docs.google.com,www.pbs.org,1,0,1
docs.google.com,www.nytimes.com,1,0,1
docs.google.com,www.npr.org,1,0,1
docs.google.com,www.lifezette.com,1,0,1
docs.google.com,www.hughhewitt.com,1,0,1
docs.google.com,trailblazersblog.dallasnews.com,1,0,1
docs.google.com,media.philly.com,1,0,1
docs.google.com,fivethirtyeight.com,1,0,1
docs.google.com,espn.go.com,1,0,1
donaldtrumppotus45.com,www.washingtonpost.com,1,0,1
fbcdn-sphotos-e-a.akamaihd.net,fbcdn-sphotos-e-a.akamaihd.net,1,0,1
flashnewscorner.com,www.politifact.com,1,0,1
fbcdn-sphotos-e-a.akamaihd.net,gwpapers.virginia.edu,1,0,1
flashnewscorner.com,thelastlineofdefense.org,1,0,1
flashnewscorner.com,flashnewscorner.com,1,0,1
fbcdn-sphotos-h-a.akamaihd.net,www.telegraph.co.uk,1,0,1
fbcdn-sphotos-h-a.akamaihd.net,www.nature.com,1,0,1
fbcdn-sphotos-h-a.akamaihd.net,web.stanford.edu,1,0,1
fbcdn-sphotos-h-a.akamaihd.net,web.archive.org,1,0,1
fbcdn-sphotos-h-a.akamaihd.net,message.snopes.com,1,0,1
fbcdn-sphotos-h-a.akamaihd.net,issues.org,1,0,1
fbcdn-sphotos-h-a.akamaihd.net,fbcdn-sphotos-h-a.akamaihd.net,1,0,1
fbcdn-sphotos-h-a.akamaihd.net,democrats.energycommerce.house.gov,1,0,1
fbcdn-sphotos-h-a.akamaihd.net,content.time.com,1,0,1
fbcdn-sphotos-e-a.akamaihd.net,www.washingtonpost.com,1,0,1
fbcdn-sphotos-e-a.akamaihd.net,www.politifact.com,1,0,1
fbcdn-sphotos-e-a.akamaihd.net,www.mountvernon.org,1,0,1
fbcdn-sphotos-e-a.akamaihd.net,www.history.army.mil,1,0,1
fbcdn-sphotos-e-a.akamaihd.net,www.foxnews.com,1,0,1
fbcdn-sphotos-e-a.akamaihd.net,press-pubs.uchicago.edu,1,0,1
groobiecat.blogspot.com,www.cbo.gov,1,1,0
groobiecat.blogspot.com,www.marketwatch.com,1,1,0
groobiecat.blogspot.com,www.mittromney.com,1,1,0
nationalreport.net,visiontoamerica.com,1,0,1
nationalreport.net,mayor.dc.gov,1,0,1
nationalreport.net,gopthedailydose.com,1,0,1
nation.foxnews.com,www.politico.com,1,0,1
nation.foxnews.com,www.nytimes.com,1,0,1
nation.foxnews.com,www.nexis.com,1,0,1
nation.foxnews.com,www.nbcnews.com,1,0,1
nation.foxnews.com,www.mediaite.com,1,0,1
nation.foxnews.com,www.cnn.com,1,0,1
nation.foxnews.com,thehill.com,1,0,1
nation.foxnews.com,thecaucus.blogs.nytimes.com,1,0,1
nation.foxnews.com,nation.foxnews.com,1,0,1
nation.foxnews.com,articles.latimes.com,1,0,1
nahadaily.com,www.snopes.com,1,0,1
nahadaily.com,www.foxnews.com,1,0,1
nahadaily.com,nahadaily.com,1,0,1
moneymorning.com,www.youtube.com,1,0,1
moneymorning.com,www.weeklystandard.com,1,0,1
nationalreport.net,minutemennews.com,1,0,1
nationalreport.net,www.muslimsinamerica.org,1,0,1
moneymorning.com,www.bloomberg.com,1,0,1
nationalreport.net,www.politifact.com,1,0,1
newsleak.co,www.wsj.com,1,0,1
newsleak.co,newsleak.co,1,0,1
newsleak.co,nationalreport.net,1,0,1
newsleak.co,money.cnn.com,1,0,1
newsleak.co,corporate.target.com,1,0,1
newsexaminer.net,www.washingtonpost.com,1,0,1
newsexaminer.net,www.vtd.uscourts.gov,1,0,1
newsexaminer.net,www.pridecentervt.org,1,0,1
newsexaminer.net,www.ibtimes.co.uk,1,0,1
newsexaminer.net,proctorvermont.com,1,0,1
newsexaminer.net,nbc.com.co,1,0,1
newsexaminer.net,m.snopes.com,1,0,1
newsexaminer.net,abcnews.com.co,1,0,1
newsdaily12.com,16wmpo.com,1,0,1
newcenturytimes.com,samjohnson.house.gov,1,0,1
newcenturytimes.com,newcenturytimes.com,1,0,1
nationalreport.net,www.teapartynation.com,1,0,1
moneymorning.com,www.politico.com,1,0,1
moneymorning.com,online.wsj.com,1,0,1
hdl.loc.gov,billingsgazette.com,1,0,1
jesus-loves-you.org,www.websterpresby.org,1,0,1
jesus-loves-you.org,www.ericmetaxas.com,1,0,1
jesus-loves-you.org,www.dailymail.co.uk,1,0,1
jesus-loves-you.org,www.cnn.com,1,0,1
jesus-loves-you.org,swampland.time.com,1,0,1
jesus-loves-you.org,newsweek.washingtonpost.com,1,0,1
jesus-loves-you.org,jesus-loves-you.org,1,0,1
jesus-loves-you.org,history.nasa.gov,1,0,1
hdl.loc.gov,www.usatoday.com,1,0,1
hdl.loc.gov,www.nytimes.com,1,0,1
hdl.loc.gov,www.mcclatchydc.com,1,0,1
hdl.loc.gov,www.grist.org,1,0,1
hdl.loc.gov,www.gardenresearch.com,1,0,1
hdl.loc.gov,www.cspinet.org,1,0,1
hdl.loc.gov,www.cdc.gov,1,0,1
hdl.loc.gov,www.cbo.gov,1,0,1
hdl.loc.gov,tester.senate.gov,1,0,1
hdl.loc.gov,hdl.loc.gov,1,0,1
jesus-loves-you.org,www.imdb.com,1,0,1
jesus-loves-you.org,www.youtube.com,1,0,1
moneymorning.com,newsbusters.org,1,0,1
justicegazette.org,elections.cdn.sos.ca.gov,1,0,1
moneymorning.com,moneymorning.com,1,0,1
media.journalinteractive.com,www.widogrescue.com,1,0,1
media.journalinteractive.com,www.jsonline.com,1,0,1
media.journalinteractive.com,secure2.convio.net,1,0,1
majorthoughts.com,www.yelp.com,1,0,1
majorthoughts.com,majorthoughts.com,1,0,1
majorthoughts.com,gummypost.com,1,0,1
majorthoughts.com,archive.is,1,0,1
ladylibertysnews.com,www.youtube.com,1,0,1
ladylibertysnews.com,www.theaustralian.com.au,1,0,1
ladylibertysnews.com,www.smh.com.au,1,0,1
ladylibertysnews.com,ladylibertysnews.com,1,0,1
justicegazette.org,www.snopes.com,1,0,1
justicegazette.org,www.sacbee.com,1,0,1
justicegazette.org,www.latimes.com,1,0,1
justicegazette.org,www.field.com,1,0,1
justicegazette.org,justicegazette.org,1,0,1
docs.google.com,drive.google.com,1,0,1
docs.google.com,documents.latimes.com,1,0,1
docs.google.com,bigstory.ap.org,1,0,1
biology.clc.uc.edu,www.sciencedaily.com,1,0,1
biology.clc.uc.edu,online.wsj.com,1,0,1
biology.clc.uc.edu,biology.clc.uc.edu,1,0,1
biology.clc.uc.edu,article.nationalreview.com,1,0,1
associatedmediacoverage.com,www.snopes.com,1,0,1
associatedmediacoverage.com,whois.icann.org,1,0,1
associatedmediacoverage.com,associatedmediacoverage.com,1,0,1
archive.org,www.votehemp.com,1,0,1
archive.org,www.uky.edu,1,0,1
archive.org,www.uclalawreview.org,1,0,1
archive.org,www.jackherer.com,1,0,1
archive.org,www.denverpost.com,1,0,1
archive.org,archive.org,1,0,1
amposts.com,www.insidethemagic.net,1,0,1
amposts.com,www.businessinsider.com,1,0,1
amposts.com,twitter.com,1,0,1
amposts.com,amposts.com,1,0,1
americannews.com,www.politico.com,1,0,1
biology.clc.uc.edu,www.newscientist.com,1,0,1
biology.clc.uc.edu,yosemite.epa.gov,1,0,1
americannews.com,kaiserhealthnews.org,1,0,1
blogs.browardpalmbeach.com,blogs.browardpalmbeach.com,1,0,1
cannasos.com,www.thedailybeast.com,1,0,1
cannasos.com,www.satiratribune.com,1,0,1
cannasos.com,www.presidency.ucsb.edu,1,0,1
cannasos.com,www.politico.com,1,0,1
cannasos.com,www.businessinsider.com,1,0,1
cannasos.com,thehill.com,1,0,1
cannasos.com,cannasos.com,1,0,1
buzzfeedusa.com,www.washingtonpost.com,1,0,1
buzzfeedusa.com,fas.org,1,0,1
buzzfeedusa.com,buzzfeedusa.com,1,0,1
blogs.tampabay.com,www.americablog.com,1,0,1
blogs.tampabay.com,blogs.tampabay.com,1,0,1
blogs.browardpalmbeach.com,www.weeklystandard.com,1,0,1
blogs.browardpalmbeach.com,www.washingtonpost.com,1,0,1
blogs.browardpalmbeach.com,www.politico.com,1,0,1
blogs.browardpalmbeach.com,www.miamiherald.com,1,0,1
blogs.browardpalmbeach.com,www.law.cornell.edu,1,0,1
americannews.com,www.imdb.com,1,0,1
americannews.com,empirenews.net,1,0,1
clatl.com,clatl.com,1,1,0
abcnews.com.co,www.cbsnews.com,1,0,1
70news.wordpress.com,www.washingtonpost.com,1,0,1
70news.wordpress.com,www.pbs.org,1,0,1
70news.wordpress.com,www.businessinsider.com,1,0,1
70news.wordpress.com,edition.cnn.com,1,0,1
70news.wordpress.com,docs.google.com,1,0,1
70news.wordpress.com,70news.wordpress.com,1,0,1
100percentfedup.com,www.youtube.com,1,0,1
100percentfedup.com,www.washingtonpost.com,1,0,1
100percentfedup.com,www.usatoday.com,1,0,1
100percentfedup.com,www.theblaze.com,1,0,1
100percentfedup.com,www.snopes.com,1,0,1
100percentfedup.com,www.politico.com,1,0,1
100percentfedup.com,www.nbcnews.com,1,0,1
100percentfedup.com,www.miamiherald.com,1,0,1
100percentfedup.com,www.facebook.com,1,0,1
100percentfedup.com,www.dailywire.com,1,0,1
100percentfedup.com,www.cnn.com,1,0,1
abcnews.com.co,abcnews.com.co,1,0,1
abcnews.com.co,www.snopes.com,1,0,1
americannews.com,abcnews.go.com,1,0,1
abcnews.go.com,blogs.abcnews.com,1,0,1
alaskareport.com,www.usatoday.com,1,0,1
alaskareport.com,www.huffingtonpost.com,1,0,1
alaskareport.com,www.frontiersman.com,1,0,1
alaskareport.com,www.cityofwasilla.com,1,0,1
alaskareport.com,alaskareport.com,1,0,1
abcnews.go.com,www.whitehouse.gov,1,0,1
abcnews.go.com,www.washingtonpost.com,1,0,1
abcnews.go.com,www.thecypresstimes.com,1,0,1
abcnews.go.com,www.recovery.gov,1,0,1
abcnews.go.com,www.powerlineblog.com,1,0,1
abcnews.go.com,www.nytimes.com,1,0,1
abcnews.go.com,www.nps.gov,1,0,1
abcnews.go.com,www.historians.org,1,0,1
abcnews.go.com,www.hialeahhousing.org,1,0,1
abcnews.go.com,www.foxnews.com,1,0,1
abcnews.go.com,voices.washingtonpost.com,1,0,1
abcnews.go.com,s3.amazonaws.com,1,0,1
clatl.com,blogs.ajc.com,1,1,0
clatl.com,firedoglake.com,1,1,0
departedmedia.com,www.cnbc.com,1,0,1
dailycaller.com,www.ncbi.nlm.nih.gov,1,0,1
dailycaller.com,www.fip.org,1,0,1
dailycaller.com,www.fiercepharma.com,1,0,1
dailycaller.com,www.fdanews.com,1,0,1
dailycaller.com,www.documentcloud.org,1,0,1
dailycaller.com,www.breitbart.com,1,0,1
dailycaller.com,www.bdlive.co.za,1,0,1
dailycaller.com,www.asianscientist.com,1,0,1
dailycaller.com,webarchive.nationalarchives.gov.uk,1,0,1
dailycaller.com,thehill.com,1,0,1
dailycaller.com,images.politico.com,1,0,1
dailycaller.com,freepdfhosting.com,1,0,1
dailycaller.com,fortune.com,1,0,1
dailycaller.com,abcnews.go.com,1,0,1
dailycaller.com,2006-2009.pepfar.gov,1,0,1
cpc.grijalva.house.gov,www.thewallstreetshuffle.com,1,0,1
cpc.grijalva.house.gov,sovereigncitizens.org,1,0,1
cpc.grijalva.house.gov,cpc.grijalva.house.gov,1,0,1
dailycaller.com,www.justice.gov,1,0,1
dailycaller.com,www.opencongress.org,1,0,1
constitution.com,nytlive.nytimes.com,1,0,1
dailycaller.com,www.politico.com,1,0,1
departedmedia.com,twitter.com,1,0,1
departedmedia.com,news.stanford.edu,1,0,1
departedmedia.com,departedmedia.com,1,0,1
data.bls.gov,www.politifact.com,1,0,1
data.bls.gov,www.bls.gov,1,0,1
data.bls.gov,nces.ed.gov,1,0,1
data.bls.gov,data.bls.gov,1,0,1
dailyleak.org,www.politifact.com,1,0,1
dailyleak.org,www.obpa.usda.gov,1,0,1
dailyleak.org,gardner.house.gov,1,0,1
dailycaller.com,www.who.int,1,0,1
dailycaller.com,www.unitaid.eu,1,0,1
dailycaller.com,www.unionleader.com,1,0,1
dailycaller.com,www.treasury.gov,1,0,1
dailycaller.com,www.shaheen.senate.gov,1,0,1
dailycaller.com,www.schumer.senate.gov,1,0,1
dailycaller.com,www.politifact.com,1,0,1
constitution.com,www.trueactivist.com,1,0,1
constitution.com,constitution.com,1,0,1
clatl.com,tpmdc.talkingpointsmemo.com,1,1,0
cnsnews.com,www.healthcare.gov,1,0,1
cnnews3.com,www.washingtonpost.com,1,0,1
cnnews3.com,www.philstar.com,1,0,1
cnnews3.com,www.newyorker.com,1,0,1
cnnews3.com,www.manilatimes.net,1,0,1
cnnews3.com,www.cdc.gov,1,0,1
cnnews3.com,tmzworldnews.com,1,0,1
cnnews3.com,news4ktla.com,1,0,1
cnnews3.com,cnnews3.com,1,0,1
cnnews3.com,buzzsouthafrica.com,1,0,1
clatl.com,www.whitehouse.gov,1,1,0
clatl.com,www.thepostemail.com,1,1,0
clatl.com,www.starkreports.com,1,1,0
clatl.com,www.slate.com,1,1,0
clatl.com,www.politifact.com,1,1,0
clatl.com,www.onlineathens.com,1,1,0
clatl.com,www.foxnews.com,1,1,0
clatl.com,www.factcheck.org,1,1,0
cnsnews.com,cnsnews.com,1,0,1
cnsnews.com,www.hrsa.gov,1,0,1
conservativetribune.com,www.washingtontimes.com,1,0,1
conservativeactionalerts.com,conservativeactionalerts.com,1,0,1
conservativetribune.com,www.americanactionforum.org,1,0,1
conservativetribune.com,regrodeo.com,1,0,1
conservativefrontline.com,www.snopes.com,1,0,1
conservativefrontline.com,www.politifact.com,1,0,1
conservativefrontline.com,nationalreport.net,1,0,1
conservativefrontline.com,conservativefrontline.com,1,0,1
conservativeflashnews.com,www.tmz.com,1,0,1
conservativeflashnews.com,www.politifact.com,1,0,1
conservativeflashnews.com,thelastlineofdefense.org,1,0,1
conservativeflashnews.com,conservativeflashnews.com,1,0,1
conservativedailypost.com,www.thedailybeast.com,1,0,1
conservativedailypost.com,www.sun-sentinel.com,1,0,1
conservativedailypost.com,www.foxnews.com,1,0,1
conservativedailypost.com,nypost.com,1,0,1
conservativedailypost.com,gawker.com,1,0,1
conservativedailypost.com,conservativedailypost.com,1,0,1
conservativeactionalerts.com,www.migrationpolicy.org,1,0,1
notallowedto.com,fox59.com,1,0,1
notallowedto.com,worldnewsdailyreport.com,1,0,1
www.breitbart.com,www.politifact.com,1,0,1
undergroundnewsreport.com,www.politifact.com,1,0,1
universepolitics.com,www.npr.org,1,0,1
universepolitics.com,www.legislature.mi.gov,1,0,1
universepolitics.com,www.cnn.com,1,0,1
universepolitics.com,worldnewsdailyreport.com,1,0,1
universepolitics.com,universepolitics.com,1,0,1
universepolitics.com,thehill.com,1,0,1
undergroundnewsreport.com,www.washingtonpost.com,1,0,1
undergroundnewsreport.com,www.tampabay.com,1,0,1
undergroundnewsreport.com,www.pewresearch.org,1,0,1
onlineathens.com,ga.water.usgs.gov,1,0,1
undergroundnewsreport.com,www.justice.gov,1,0,1
undergroundnewsreport.com,www.judicialwatch.org,1,0,1
undergroundnewsreport.com,www.dispatch.com,1,0,1
twitter.com,www.worldbank.org,1,0,1
twitter.com,www.washingtonpost.com,1,0,1
twitter.com,www.unicri.it,1,0,1
twitter.com,www.thecrimereport.org,1,0,1
twitter.com,www.telegraph.co.uk,1,0,1
universepolitics.com,www.seattletimes.com,1,0,1
universepolitics.com,www.toledoblade.com,1,0,1
uppitywis.org,cognidissidence.blogspot.com,1,0,1
uppitywis.org,uppitywis.org,1,0,1
usadailytime.com,twitter.com,1,0,1
usadailytime.com,thelastlineofdefense.org,1,0,1
usadailypost.us,usadailypost.us,1,0,1
usadailypost.us,thelastlineofdefense.org,1,0,1
usa-television.com,twitter.com,1,0,1
usa-television.com,cnn-channel.com,1,0,1
usa-radio.com,www.washingtonpost.com,1,0,1
usa-radio.com,www.voanews.com,1,0,1
usa-radio.com,www.news24.com,1,0,1
usa-radio.com,usa-radio.com,1,0,1
usa-radio.com,allafrica.com,1,0,1
urbanimagemagazine.com,www.nytimes.com,1,0,1
urbanimagemagazine.com,worldnewsdailyreport.com,1,0,1
urbanimagemagazine.com,urbanimagemagazine.com,1,0,1
urbanimagemagazine.com,foreignpolicy.com,1,0,1
uppitywis.org,www.jsonline.com,1,0,1
uppitywis.org,www.channel3000.com,1,0,1
twitter.com,www.sipri.org,1,0,1
twitter.com,www.linkedin.com,1,0,1
twitter.com,www.hannity.com,1,0,1
trueamericans.me,www.nationaljournal.com,1,0,1
trueamericans.me,www.huffingtonpost.com,1,0,1
trueamericans.me,weeklyworldnews.com,1,0,1
trueamericans.me,trueamericans.me,1,0,1
trueamericans.me,time.com,1,0,1
townhall.com,www.washingtontimes.com,1,1,0
townhall.com,www.snopes.com,1,0,1
townhall.com,www.patheos.com,1,0,1
townhall.com,www.nytimes.com,1,1,0
townhall.com,www.fda.gov,1,1,0
townhall.com,www.examiner.com,1,1,0
townhall.com,www.congress.gov,1,0,1
townhall.com,www.accessdata.fda.gov,1,1,0
townhall.com,blog.constitutioncenter.org,1,0,1
today.yougov.com,www.washingtonpost.com,1,0,1
today.yougov.com,www.teaparty.org,1,0,1
today.yougov.com,www.rushlimbaugh.com,1,0,1
today.yougov.com,www.facebook.com,1,0,1
trueamericans.me,www.moneyfactory.gov,1,0,1
trueamericans.me,www.politico.com,1,0,1
twitter.com,www.fbi.gov,1,0,1
trueamericans.me,www.treasury.gov,1,0,1
twitter.com,www.express.co.uk,1,0,1
twitter.com,www.dailymail.co.uk,1,0,1
twitter.com,www.crimesolutions.gov,1,0,1
twitter.com,www.charlestoncounty.org,1,1,0
twitter.com,www.cgdev.org,1,0,1
twitter.com,wikileaks.org,1,0,1
twitter.com,quickfacts.census.gov,1,0,1
twitter.com,openknowledge.worldbank.org,1,0,1
twitter.com,nypost.com,1,0,1
twitter.com,news.bbc.co.uk,1,0,1
twitter.com,krugman.blogs.nytimes.com,1,1,0
twitter.com,foreignpolicy.com,1,0,1
twitter.com,factfinder2.census.gov,1,1,0
twitter.com,documents.worldbank.org,1,0,1
twitter.com,csnbbs.com,1,0,1
twitter.com,christmichael.wordpress.com,1,0,1
twitter.com,blog.skepticallibertarian.com,1,0,1
usadailytime.com,usadailytime.com,1,0,1
usadailytime.com,www.cnn.com,1,0,1
usadailytime.com,www.gpo.gov,1,0,1
www.beliefnet.com,www.slate.com,1,0,1
www.beliefnet.com,www.healthcare.gov,1,0,1
www.beliefnet.com,www.gpo.gov,1,0,1
www.beliefnet.com,www.beliefnet.com,1,0,1
www.beliefnet.com,members.christianscience.com,1,0,1
www.beliefnet.com,ccf.georgetown.edu,1,0,1
www.beliefnet.com,articles.latimes.com,1,0,1
www.aclu.org,www.nytimes.com,1,0,1
www.aclu.org,www.fas.org,1,0,1
www.aclu.org,www.eff.org,1,0,1
www.aclu.org,codes.lp.findlaw.com,1,0,1
wrongwayrubio.com,www.humanevents.com,1,0,1
wrongwayrubio.com,wrongwayrubio.com,1,0,1
wrongwayrubio.com,nation.foxnews.com,1,0,1
wrongwayrubio.com,miamiherald.typepad.com,1,0,1
wild941.radio.com,www.tennesseesonsofliberty.com,1,0,1
wild941.radio.com,www.huffingtonpost.com,1,0,1
wild941.radio.com,wild941.radio.com,1,0,1
www.beliefnet.com,www.ihs.gov,1,0,1
www.beliefnet.com,www.usatoday.com,1,0,1
wild941.radio.com,gawker.com,1,0,1
www.blackinsurancenews.com,www.blackinsurancenews.com,1,0,1
www.breitbart.com,www.latimes.com,1,0,1
www.breitbart.com,www.judiciary.senate.gov,1,0,1
www.breitbart.com,www.huffingtonpost.com,1,0,1
www.breitbart.com,www.gpo.gov,1,0,1
www.breitbart.com,www.cbo.gov,1,0,1
www.breitbart.com,washingtonexaminer.com,1,0,1
www.breitbart.com,video.foxnews.com,1,0,1
www.breitbart.com,rare.us,1,0,1
www.breitbart.com,itlookslikethis.blogspot.com,1,0,1
www.bloomberg.com,www.myajc.com,1,0,1
www.bloomberg.com,www.bloomberg.com,1,0,1
www.bloomberg.com,www.avma.org,1,0,1
www.bloomberg.com,www.ajc.com,1,0,1
www.blackinsurancenews.com,www.yahoo.com,1,0,1
www.blackinsurancenews.com,www.nraila.org,1,0,1
www.blackinsurancenews.com,www.freewoodpost.com,1,0,1
www.blackinsurancenews.com,www.forbes.com,1,0,1
wild941.radio.com,thacorner.net,1,0,1
wild941.radio.com,forums.somethingawful.com,1,0,1
usadailytime.com,www.instagram.com,1,0,1
usasnich.com,www.catholicherald.co.uk,1,0,1
usapoliticszone.com,www.qconline.com,1,0,1
usapoliticszone.com,www.nbcnewyork.com,1,0,1
usapoliticszone.com,usapoliticszone.com,1,0,1
usapoliticszone.com,times.com.mx,1,0,1
usapoliticszone.com,content.time.com,1,0,1
usanewstoday.org,www.npr.org,1,0,1
usanewstoday.org,www.buzzfeed.com,1,0,1
usanewstoday.org,web.archive.org,1,0,1
usanewstoday.org,therightists.com,1,0,1
usanewstoday.org,success-street.com,1,0,1
usanewstoday.org,bigstory.ap.org,1,0,1
usadailytime.com,www.youtube.com,1,0,1
usadailytime.com,www.tmz.com,1,0,1
usadailytime.com,www.thewrap.com,1,0,1
usadailytime.com,www.thedailybeast.com,1,0,1
usadailytime.com,www.politifact.com,1,0,1
usadailytime.com,www.newyorker.com,1,0,1
usasnich.com,nationalreport.net,1,0,1
usasnich.com,www.huffingtonpost.com,1,0,1
100percentfedup.com,thehill.com,1,0,1
uspoln.com,newslo.com,1,0,1
webcache.googleusercontent.com,www.foxnews.com,1,0,1
webcache.googleusercontent.com,www.factcheck.org,1,0,1
webcache.googleusercontent.com,www.debbieschlussel.com,1,0,1
webcache.googleusercontent.com,www.ajc.com,1,0,1
webcache.googleusercontent.com,webcache.googleusercontent.com,1,0,1
webcache.googleusercontent.com,talkingpointsmemo.com,1,0,1
webcache.googleusercontent.com,aviationblog.dallasnews.com,1,0,1
webcache.googleusercontent.com,archive.11alive.com,1,0,1
uspoln.com,www.theblaze.com,1,0,1
uspoln.com,www.rawstory.com,1,0,1
uspoln.com,www.politifact.com,1,0,1
uspoln.com,www.politico.com,1,0,1
uspoln.com,www.nytimes.com,1,0,1
uspoln.com,www.mysanantonio.com,1,0,1
uspoln.com,www.cnn.com,1,0,1
uspoln.com,www.cbsnews.com,1,0,1
uspoln.com,thecaucus.blogs.nytimes.com,1,0,1
today.yougov.com,washingtonexaminer.com,1,0,1
today.yougov.com,twitter.com,1,0,1
today.yougov.com,today.yougov.com,1,0,1
republicbroadcasting.org,news.investors.com,1,0,1
redrocktribune.com,www.seattletimes.com,1,0,1
redrocktribune.com,www.aclu.org,1,0,1
redrocktribune.com,thehill.com,1,0,1
redrocktribune.com,redrocktribune.com,1,0,1
redrocktribune.com,q13fox.com,1,0,1
redrocktribune.com,dougericksen.src.wastateleg.org,1,0,1
redrocktribune.com,conservativedailypost.com,1,0,1
redrocktribune.com,bigstory.ap.org,1,0,1
redrocktribune.com,app.leg.wa.gov,1,0,1
realtimepolitics.com,www.politifact.com,1,0,1
realtimepolitics.com,www.law.cornell.edu,1,0,1
realtimepolitics.com,www.justice.gov,1,0,1
realtimepolitics.com,realtimepolitics.com,1,0,1
politicot.com,www.indystar.com,1,0,1
politicot.com,politicot.com,1,0,1
politicot.com,iga.in.gov,1,0,1
politicono.com,www.startribune.com,1,0,1
republicbroadcasting.org,apps3.eere.energy.gov,1,0,1
republicbroadcasting.org,republicbroadcasting.org,1,0,1
politicono.com,www.facebook.com,1,0,1
republicbroadcasting.org,solareis.anl.gov,1,0,1
shark-tank.net,www.buzzfeed.com,1,0,1
shark-tank.net,www.breitbart.com,1,0,1
scontent.xx.fbcdn.net,www.policegrantshelp.com,1,1,0
scontent.xx.fbcdn.net,www.dispositionservices.dla.mil,1,1,0
scontent.xx.fbcdn.net,scontent.xx.fbcdn.net,1,1,0
s3.amazonaws.com,www.whitehouse.gov,1,0,1
s3.amazonaws.com,www.snopes.com,1,0,1
s3.amazonaws.com,www.govtrack.us,1,0,1
s3.amazonaws.com,s3.amazonaws.com,1,0,1
s3.amazonaws.com,freebeacon.com,1,0,1
s3.amazonaws.com,articles.latimes.com,1,0,1
republicbroadcasting.org,www.youtube.com,1,0,1
republicbroadcasting.org,www.snopes.com,1,0,1
republicbroadcasting.org,www.reviewjournal.com,1,0,1
republicbroadcasting.org,www.reuters.com,1,0,1
republicbroadcasting.org,www.lasvegassun.com,1,0,1
republicbroadcasting.org,www.doi.gov,1,0,1
politicono.com,www.politifact.com,1,0,1
politicono.com,www.cbsnews.com,1,0,1
shark-tank.net,www.kvoa.com,1,0,1
paulryan.house.gov,www.jsonline.com,1,0,1
paulryan.house.gov,www.csom.umn.edu,1,0,1
paulryan.house.gov,www.cms.gov,1,0,1
paulryan.house.gov,www.cbpp.org,1,0,1
paulryan.house.gov,www.cbo.gov,1,0,1
paulryan.house.gov,www.aei.org,1,0,1
paulryan.house.gov,wws.princeton.edu,1,0,1
paulryan.house.gov,vanhollen.house.gov,1,0,1
paulryan.house.gov,swampland.blogs.time.com,1,0,1
paulryan.house.gov,politifact.com,1,0,1
paulryan.house.gov,paulryan.house.gov,1,0,1
paulryan.house.gov,front.moveon.org,1,0,1
paulryan.house.gov,explore.georgetown.edu,1,0,1
paulryan.house.gov,americansunitedforchange.org,1,0,1
onlineathens.com,www.myajc.com,1,0,1
onlineathens.com,water.usgs.gov,1,0,1
onlineathens.com,quickfacts.census.gov,1,0,1
onlineathens.com,onlineathens.com,1,0,1
paulryan.house.gov,www.familiesusa.org,1,0,1
paulryan.house.gov,www.medicare.gov,1,0,1
politicono.com,blogs.wsj.com,1,0,1
paulryan.house.gov,www.nytimes.com,1,0,1
pol.moveon.org,www.youtube.com,1,0,1
pol.moveon.org,www.johnmccain.com,1,0,1
pol.moveon.org,www.civilrights.org,1,0,1
pol.moveon.org,thomas.loc.gov,1,0,1
pol.moveon.org,pol.moveon.org,1,0,1
pol.moveon.org,action.aclu.org,1,0,1
peacemoonbeam.typepad.com,www.godlikeproductions.com,1,0,1
peacemoonbeam.typepad.com,www.charlestoncitypaper.com,1,0,1
peacemoonbeam.typepad.com,peacemoonbeam.typepad.com,1,0,1
pbs.twimg.com,www.theatlantic.com,1,0,1
pbs.twimg.com,www.state.gov,1,0,1
pbs.twimg.com,www.fairwork.gov.au,1,0,1
pbs.twimg.com,www.bbc.com,1,0,1
pbs.twimg.com,translate.google.com,1,0,1
pbs.twimg.com,theconversation.com,1,0,1
pbs.twimg.com,stats.oecd.org,1,0,1
pbs.twimg.com,pbs.twimg.com,1,0,1
shark-tank.net,www.gpo.gov,1,0,1
shark-tank.net,www.politifact.com,1,0,1
to-day-news-24.com,www.washingtonpost.com,1,0,1
theseattletribune.com,www.ncsl.org,1,0,1
theseattletribune.com,www.idoc.idaho.gov,1,0,1
theseattletribune.com,www.huffingtonpost.com,1,0,1
theseattletribune.com,www.flickr.com,1,0,1
theseattletribune.com,time.com,1,0,1
theseattletribune.com,thehill.com,1,0,1
theseattletribune.com,phoenixmugs.com,1,0,1
theseattletribune.com,petitions.moveon.org,1,0,1
theseattletribune.com,legislature.idaho.gov,1,0,1
theseattletribune.com,kboi2.com,1,0,1
theseattletribune.com,geology.com,1,0,1
theseattletribune.com,cityofweiser.net,1,0,1
theseattletribune.com,boisestatepublicradio.org,1,0,1
therightists.com,therightists.com,1,0,1
thenewyorkevening.com,www.rollingstone.com,1,0,1
thenewyorkevening.com,www.cnbc.com,1,0,1
thenewyorkevening.com,www.cleveland19.com,1,0,1
thenewyorkevening.com,thenewyorkevening.com,1,0,1
theseattletribune.com,www.kmvt.com,1,0,1
thetrumpmedia.com,nymag.com,1,0,1
thenewyorkevening.com,metro.co.uk,1,0,1
thetrumpmedia.com,thehill.com,1,0,1
to-day-news-24.com,www.politifact.com,1,0,1
to-day-news-24.com,www.nytimes.com,1,0,1
to-day-news-24.com,www.huffingtonpost.com,1,0,1
to-day-news-24.com,to-day-news-24.com,1,0,1
tn4politicaljustice.wordpress.com,www.knoxnews.com,1,0,1
tn4politicaljustice.wordpress.com,www.billhislam.com,1,0,1
tn4politicaljustice.wordpress.com,tn4politicaljustice.wordpress.com,1,0,1
tn4politicaljustice.wordpress.com,law.vanderbilt.edu,1,0,1
theuspatriot.com,www.usatoday.com,1,0,1
theuspatriot.com,www.breitbart.com,1,0,1
theuspatriot.com,theuspatriot.com,1,0,1
thetrumpmedia.com,www.politico.com,1,0,1
thetrumpmedia.com,www.mccain.senate.gov,1,0,1
thetrumpmedia.com,www.desmoinesregister.com,1,0,1
thetrumpmedia.com,www.bizpacreview.com,1,0,1
thetrumpmedia.com,www.angrypatriotmovement.com,1,0,1
thetrumpmedia.com,thetrumpmedia.com,1,0,1
thenewyorkevening.com,money.cnn.com,1,0,1
thenewyorkevening.com,fedsalert.com,1,0,1
shark-tank.net,www.rubio.senate.gov,1,0,1
sovereigncitizens.org,www.whorunsgov.com,1,0,1
sovereigncitizens.org,www.tampabay.com,1,0,1
sovereigncitizens.org,www.huffingtonpost.com,1,0,1
sovereigncitizens.org,www.dsausa.org,1,0,1
sovereigncitizens.org,www.al.com,1,0,1
sovereigncitizens.org,sovereigncitizens.org,1,0,1
sovereigncitizens.org,keywiki.org,1,0,1
sovereigncitizens.org,conservativebyte.com,1,0,1
sovereigncitizens.org,blog.al.com,1,0,1
smag31.com,www.snopes.com,1,0,1
smag31.com,www.eurekalert.org,1,0,1
smag31.com,www.drugs.com,1,0,1
smag31.com,smag31.com,1,0,1
smag31.com,pediatrics.aappublications.org,1,0,1
smag31.com,file.scirp.org,1,0,1
smag31.com,abcnews.go.com,1,0,1
shark-tank.net,www.tampabay.com,1,0,1
shark-tank.net,www.schumer.senate.gov,1,0,1
sovereigncitizens.org,www.thewallstreetshuffle.com,1,0,1
standupforthetruth.com,standupforthetruth.com,1,0,1
thenewyorkevening.com,deadline.com,1,0,1
static.politifact.com.s3.amazonaws.com,itre.cis.upenn.edu,1,0,1
thelastlineofdefense.org,www.redcountry.us,1,0,1
thelastlineofdefense.org,www.radiotimes.com,1,0,1
thelastlineofdefense.org,www.hollywoodreporter.com,1,0,1
thelastlineofdefense.org,deadline.com,1,0,1
thatviralfeed.net,thatviralfeed.net,1,0,1
thatviralfeed.net,knowyourmeme.com,1,0,1
success-street.com,www.sandiegouniontribune.com,1,0,1
success-street.com,www.mirror.co.uk,1,0,1
success-street.com,www.flickr.com,1,0,1
success-street.com,www.cnn.com,1,0,1
success-street.com,success-street.com,1,0,1
success-street.com,empirenews.net,1,0,1
success-street.com,blog.chron.com,1,0,1
static.politifact.com.s3.amazonaws.com,www.barrypopik.com,1,0,1
static.politifact.com.s3.amazonaws.com,wafflesatnoon.com,1,0,1
static.politifact.com.s3.amazonaws.com,static.politifact.com.s3.amazonaws.com,1,0,1
static.politifact.com.s3.amazonaws.com,query.nytimes.com,1,0,1
webcache.googleusercontent.com,www.newenglishreview.org,1,0,1
